"#","product key","short name","Parent","WBS","team","manager","product owner","packages","Name","Qualified Name","docgen","documents","Element Server ID"
"1","DM","Data Management",,"1.02C",,"Wil O'Mullane","Leanne Guy",,"2 Components","Problem/Logical::DM Subsystem Structure::2 Components","true","RS:LSE-61:Data Management System (DMS) Requirements,TS:LDM-639:Rubin Observatory Data Management Acceptance Test Specification,DD:LDM-148:Data Management System Design,VCD:LDM-692:DM Verification Control Document","60706435-6f8e-4b15-823b-06597f1cdada"
"2","DMSRV","Services","DM",,,,,,"1 Service Products","Problem/Logical::DM Subsystem Structure::2 Components::1 Service Products","true",,"814af192-6d40-40bf-ac29-b0a810af7c5b"
"3","PRSRV","Prompt Services","DMSRV",,,,,,"1 Prompt Services","Problem/Logical::DM Subsystem Structure::2 Components::1 Service Products::1 Prompt Services","true",,"e7685119-d22b-4a76-8106-629fa100db30"
"4","POPSRV","Planned Obs Pub","PRSRV","1.02C.07.06.02","LDF","Steve Pietrowicz","Kian-Tat Lim",,"1 Planned Observation Publication","Problem/Logical::DM Subsystem Structure::2 Components::1 Service Products::1 Prompt Services::1 Planned Observation Publication","true",,"73c5be63-5ec4-47d2-82ae-353d1489e695"
"5","PRPINGSRV","Prompt Proc Ing","PRSRV","1.02C.07.06.02","LDF","Richard Dubois","Kian-Tat Lim",,"2 Prompt Processing Ingest","Problem/Logical::DM Subsystem Structure::2 Components::1 Service Products::1 Prompt Services::2 Prompt Processing Ingest","true",,"e32bd0c1-d834-430e-a17d-e2d54b391322"
"6","PRPRSRV","Prmpt Processing","PRSRV",,,"Richard Dubois","Eric Bellm",,"3 Prompt Processing","Problem/Logical::DM Subsystem Structure::2 Components::1 Service Products::1 Prompt Services::3 Prompt Processing","<undefined>",,"37a39d56-d4d2-47d7-983d-cf56b233f4d4"
"7","OODSSRV","Obs Ops Data","PRSRV","1.02C.07.06.02","LDF","Steve Pietrowicz","Kian-Tat Lim",,"4 Observatory Operations Data","Problem/Logical::DM Subsystem Structure::2 Components::1 Service Products::1 Prompt Services::4 Observatory Operations Data","true",,"e00702fc-4212-4c9c-9cb0-336bf6589788"
"8","OCPSRV","OCS Pipeline","PRSRV","1.02C.02.02","ARCH","Kian-Tat Lim","Tim Jenness",,"5 OCS Controlled Pipeline Service","Problem/Logical::DM Subsystem Structure::2 Components::1 Service Products::1 Prompt Services::5 OCS Controlled Pipeline Service","true","TN:DMTN-133:OCS driven data processing","d5fd60bd-119c-498a-a393-37d15ad9501d"
"9","TMGSRV","Telem Gateway","PRSRV","1.02C.07.06.02","LDF","Steve Pietrowicz","Kian-Tat Lim",,"6 Telemetry Gateway","Problem/Logical::DM Subsystem Structure::2 Components::1 Service Products::1 Prompt Services::6 Telemetry Gateway","true",,"5bc69620-8e97-4cea-b203-ab762b8748a6"
"10","ALRTDSTSRV","Alert Distrib","PRSRV","1.02C.03.03","AP","Yusra AlSayyad","Eric Bellm",,"7 Alert Distribution","Problem/Logical::DM Subsystem Structure::2 Components::1 Service Products::1 Prompt Services::7 Alert Distribution","true",,"126a76c3-788e-4f8c-98d2-5cc863fa6d81"
"11","PRQCSRV","Prompt QC","PRSRV","1.02C.03.08","AP","Yusra AlSayyad","Eric Bellm",,"8 Prompt Quality Control","Problem/Logical::DM Subsystem Structure::2 Components::1 Service Products::1 Prompt Services::8 Prompt Quality Control","true",,"1f635218-3224-46e5-8925-c55a3c0fab4e"
"12","ARCSRVS","Archive Services","PRSRV",,"LDF",,,,"9 Archiving Services","Problem/Logical::DM Subsystem Structure::2 Components::1 Service Products::1 Prompt Services::9 Archiving Services","<undefined>",,"e3e595f5-76cd-439d-a8a2-40e6cc0285bb"
"13","IMAS","Image Archiver","ARCSRVS","1.02C.07.06.02","LDF","Steve Pietrowicz","Kian-Tat Lim",,"1 Image Archiver","Problem/Logical::DM Subsystem Structure::2 Components::1 Service Products::1 Prompt Services::9 Archiving Services::1 Image Archiver","true",,"ad33e6e0-872d-4812-896e-f16320b437a3"
"14","HEADS","Header Service","ARCSRVS","1.02C.07.06.02","LDF","Steve Pietrowicz","Tim Jenness",,"2 Header Service","Problem/Logical::DM Subsystem Structure::2 Components::1 Service Products::1 Prompt Services::9 Archiving Services::2 Header Service","true",,"60d97b04-a9ea-4541-8a67-5a24f343c7ff"
"15","EFDTS","EFD Transf.","ARCSRVS",,"SQuaRE","Frossie Economou","Simon Krughoff",,"3 EFD Transformation","Problem/Logical::DM Subsystem Structure::2 Components::1 Service Products::1 Prompt Services::9 Archiving Services::3 EFD Transformation","true",,"03512ff6-2df3-46b6-8f61-360a85570bc0"
"16","ARCSRVo","Archiving","PRSRV","1.02C.07.06.02","LDF","Steve Pietrowicz","Steve Pietrowicz",,"10 Archiving [Obsolete]","Problem/Logical::DM Subsystem Structure::2 Components::1 Service Products::1 Prompt Services::10 Archiving [Obsolete]","true",,"2e7938a9-65b8-4b94-a578-ec67a51133c2"
"17","OFFLSRV","Offline Services","DMSRV",,,,,,"2 Offline Services","Problem/Logical::DM Subsystem Structure::2 Components::1 Service Products::2 Offline Services","true",,"ee33fc6f-99f6-4338-ae10-826f59b09eb6"
"18","PRODSRV","Batch Production","OFFLSRV","1.02C.07.06.02","LDF","Steve Pietrowicz","Michelle Gower",,"1 Batch Production","Problem/Logical::DM Subsystem Structure::2 Components::1 Service Products::2 Offline Services::1 Batch Production","true","RS:LDM-636:Batch Production Service Requirements","4cb3de31-9e4f-4297-ba14-9e569e191638"
"19","OFFLQCSRV","Offline QC","OFFLSRV","1.02C.04.07","DRP","Yusra AlSayyad","Jim Bosch",,"2 Offline Quality Control","Problem/Logical::DM Subsystem Structure::2 Components::1 Service Products::2 Offline Services::2 Offline Quality Control","true",,"f5de1d9d-a6e7-4758-8d30-995430c9c5a2"
"20","BULKDSRV","Bulk Distrib","OFFLSRV","1.02C.07.06.02","LDF","Steve Pietrowicz","Tim Jenness",,"3 Bulk Distribution","Problem/Logical::DM Subsystem Structure::2 Components::1 Service Products::2 Offline Services::3 Bulk Distribution","true",,"3a02b2a0-fa59-4ab3-853b-1840685280c7"
"21","DBBSRV","DBB Services","DMSRV",,,"Steve Pietrowicz",,,"3 Backbone Services","Problem/Logical::DM Subsystem Structure::2 Components::1 Service Products::3 Backbone Services","true","OPS:LDM-230:Concept of Operations for the LSST Data Facility Services","2e95ad47-9eec-4125-8844-c0b0220dfcfd"
"22","DBBMDSRV","DBB Metadata","DBBSRV","1.02C.07.07","LDF",,"Michelle Gower",,"1 DBB Ingest/Metadata Management","Problem/Logical::DM Subsystem Structure::2 Components::1 Service Products::3 Backbone Services::1 DBB Ingest/Metadata Management","true",,"4f9eded3-e038-42e6-9a5d-4178a657d510"
"23","DBBLIFESRV","DBB Lifetime","DBBSRV","1.02C.07.07","LDF",,"Michelle Gower",,"2 DBB Lifetime Management","Problem/Logical::DM Subsystem Structure::2 Components::1 Service Products::3 Backbone Services::2 DBB Lifetime Management","true",,"63c4b0a8-3f18-4c13-b5a8-01b740ce469c"
"24","DBBTRSRV","DBB Transport","DBBSRV","1.02C.07.07","LDF",,"Michelle Gower",,"3 DBB Transport/Replication/Backup","Problem/Logical::DM Subsystem Structure::2 Components::1 Service Products::3 Backbone Services::3 DBB Transport/Replication/Backup","true",,"1a62325b-1b7c-40b7-b41c-68a2c67e1d23"
"25","DBBSTRSRV","DBB Storage","DBBSRV","1.02C.07.07","LDF",,"Michelle Gower",,"4 DBB Storage","Problem/Logical::DM Subsystem Structure::2 Components::1 Service Products::3 Backbone Services::4 DBB Storage","true",,"866785a3-d823-4f93-b05b-c095d918e0d2"
"26","LSPSRV","RSP Services","DMSRV",,,"Frossie Economou","Gregory Dubois-Felsmann",,"4 LSP Services","Problem/Logical::DM Subsystem Structure::2 Components::1 Service Products::4 LSP Services","true","VD:LSE-319:LSST Science Platform Vision Document,RS:LDM-554:Data Management LSST Science Platform Requirements,DD:LDM-542:Science Platform Design,TS:LDM-540:LSST Science Platform Test
Specification,TN:DMTN-103:LSST Science Platform Deployments","17dfafcd-aeae-4dff-9c9a-579b2b338757"
"27","PRTLSRV","RSP Portal","LSPSRV","1.02C.05.07,1.02C.05.08","SUIT","Gregory Dubois-Felsmann","Gregory Dubois-Felsmann",,"1 LSP Portal","Problem/Logical::DM Subsystem Structure::2 Components::1 Service Products::4 LSP Services::1 LSP Portal","true","DM:DMTN-136:LSST Science Platform Portal Aspect Design and Maintenance Manual","83cb0521-2392-4e48-9084-a8da0c21fbd2"
"28","NBLSRV","RSP Nublado","LSPSRV","1.02C.10.02.02","SQuaRE","Frossie Economou","Simon Krughoff","lsst-sqre/nublado","2 LSP Nublado","Problem/Logical::DM Subsystem Structure::2 Components::1 Service Products::4 LSP Services::2 LSP Nublado","true",,"5800f3d7-0d86-4830-a6df-a9af07742c30"
"29","LSPWAPI","RSP Web API","LSPSRV",,,"Frossie Economou","Simon Krughoff",,"3 LSP Web API","Problem/Logical::DM Subsystem Structure::2 Components::1 Service Products::4 LSP Services::3 LSP Web API","<undefined>",,"bf49d33d-830f-4994-8c92-de67b50f4c40"
"30","TAPSRV","TAP API","LSPWAPI",,,"Frossie Economou","Simon Krughoff","lsst-sqre/lsst-tap-service","1 TAP API","Problem/Logical::DM Subsystem Structure::2 Components::1 Service Products::4 LSP Services::3 LSP Web API::1 TAP API","<undefined>",,"96e878e5-c1ce-4ff2-9049-032f44e03412"
"31","SODASRV","SODA API","LSPWAPI",,,"Frossie Economou","Simon Krughoff",,"2 SODA API","Problem/Logical::DM Subsystem Structure::2 Components::1 Service Products::4 LSP Services::3 LSP Web API::2 SODA API","<undefined>",,"d07c2803-2f45-4620-a91d-f4d1402133d8"
"32","SIASRV","SIA API","LSPWAPI",,,"Frossie Economou","Simon Krughoff",,"3 SIA API","Problem/Logical::DM Subsystem Structure::2 Components::1 Service Products::4 LSP Services::3 LSP Web API::3 SIA API","<undefined>",,"64b493ee-f70a-433e-824d-193e0882f8b3"
"33","WDAVSRV","WebDAV API","LSPWAPI",,,"Frossie Economou","Simon Krughoff","davt","4 WebDAV API","Problem/Logical::DM Subsystem Structure::2 Components::1 Service Products::4 LSP Services::3 LSP Web API::4 WebDAV API","<undefined>",,"f2b51181-b18d-4019-9ff4-9e6916666ae2"
"34","LSPWEBSRV","RSP Web API","LSPSRV","1.02C.06.02","DAX",,,,"4 LSP Web API (Obsolete)","Problem/Logical::DM Subsystem Structure::2 Components::1 Service Products::4 LSP Services::4 LSP Web API (Obsolete)","true",,"a34bfcaf-e2da-4ae0-b6c6-591bacbe9b86"
"35","ITSRV","IT Service","DMSRV",,,,,,"5 IT Services","Problem/Logical::DM Subsystem Structure::2 Components::1 Service Products::5 IT Services","<undefined>",,"b867877e-79f6-416a-91a1-b4d664fb00d1"
"36","NETMGMT","Net Mgmt","ITSRV","1.02C.08.03","Net/Base","Cristian Silva","Wil O'Mullane",,"1 Network Management","Problem/Logical::DM Subsystem Structure::2 Components::1 Service Products::5 IT Services::1 Network Management","true",,"6c77e821-ee2b-4e2f-ae57-e745281c367e"
"37","IDNMNG","Identity Mngt","ITSRV",,,,,,"2 Identity Management","Problem/Logical::DM Subsystem Structure::2 Components::1 Service Products::5 IT Services::2 Identity Management","<undefined>",,"64e61db8-f870-4111-b8ba-1278d10713c5"
"38","ITRCK","Issue Tracking","ITSRV",,,,,,"3 Issue Tracking","Problem/Logical::DM Subsystem Structure::2 Components::1 Service Products::5 IT Services::3 Issue Tracking","<undefined>",,"eef97cfa-a13b-4ee3-b210-2adf08a90b90"
"39","ITSEC","IT Security","ITSRV",,,,,,"4 IT Security","Problem/Logical::DM Subsystem Structure::2 Components::1 Service Products::5 IT Services::4 IT Security","<undefined>",,"42361a8e-c679-46f5-831e-5b537f8b2d1b"
"40","MNGDB","Databases","ITSRV",,,,,,"5 Databases","Problem/Logical::DM Subsystem Structure::2 Components::1 Service Products::5 IT Services::5 Databases","<undefined>",,"171398b2-2fe0-4e23-8ab0-e18546f72098"
"41","MCDB","M. Consolidated DB","MNGDB",,,,,,"1 Managed Consolidated Database","Problem/Logical::DM Subsystem Structure::2 Components::1 Service Products::5 IT Services::5 Databases::1 Managed Consolidated Database","<undefined>",,"cfab9ac7-ea8a-4ec5-848f-280b12f7d473"
"42","LSPDB","RSP Database","MNGDB",,,,,,"2 LSP Database","Problem/Logical::DM Subsystem Structure::2 Components::1 Service Products::5 IT Services::5 Databases::2 LSP Database","<undefined>",,"24dcb90b-01c7-487f-9680-4bbe513056c5"
"43","EFDB","EFD Cache","MNGDB",,,"Frossie Economou","Simon Krughoff",,"3 EFD Cache","Problem/Logical::DM Subsystem Structure::2 Components::1 Service Products::5 IT Services::5 Databases::3 EFD Cache","<undefined>",,"541a7cd0-5d29-4a00-a647-953fdb40f0f8"
"44","APDB","APDB","MNGDB","1.02C.06.01.01","DAX","Fritz Mueller","Colin Slater",,"4 APDB","Problem/Logical::DM Subsystem Structure::2 Components::1 Service Products::5 IT Services::5 Databases::4 APDB","<undefined>","TN:DMTN-018:Re-visiting L1 Database Design","0f37bd85-6495-45d9-b122-a1523a74faa1"
"45","ITCH","IT Chile","ITSRV",,,,,,"6 IT Chile","Problem/Logical::DM Subsystem Structure::2 Components::1 Service Products::5 IT Services::6 IT Chile","<undefined>",,"c55e8858-c5ff-4c73-b6ae-df60e515497e"
"46","CHCNM","C. Computational Mgmt.","ITCH",,,"Cristian Silva","Wil O'Mullane",,"1 Chilean Computational Nodes Management","Problem/Logical::DM Subsystem Structure::2 Components::1 Service Products::5 IT Services::6 IT Chile::1 Chilean Computational Nodes Management","true",,"29feee3a-9685-4e9e-b9ca-e75b2b176cd7"
"47","CHSTMNG","C. Storage Mgmt.","ITCH",,,"Cristian Silva","Wil O'Mullane",,"2 Chilean Storage Management","Problem/Logical::DM Subsystem Structure::2 Components::1 Service Products::5 IT Services::6 IT Chile::2 Chilean Storage Management","true",,"3e03a1a7-7656-42ef-bf75-56c072011c47"
"48","ITNCSA","IT USDF","ITSRV",,,"Richard Dubois",,,"7 IT NCSA","Problem/Logical::DM Subsystem Structure::2 Components::1 Service Products::5 IT Services::7 IT NCSA","<undefined>",,"6ddf493e-cc3c-425d-a942-6d1b56bec9e4"
"49","NCSACNM","Computational Mgmt","ITNCSA",,"LDF",,"Wil O'Mullane",,"1 NCSA Computational Nodes Management","Problem/Logical::DM Subsystem Structure::2 Components::1 Service Products::5 IT Services::7 IT NCSA::1 NCSA Computational Nodes Management","true",,"e7832c23-7cf4-426f-a6f9-7b8f4ebc4947"
"50","NCSANETMNG","USDF Net Mgmt","ITNCSA","1.02C.08.03","LDF",,"Wil O'Mullane",,"2 NCSA Network Management","Problem/Logical::DM Subsystem Structure::2 Components::1 Service Products::5 IT Services::7 IT NCSA::2 NCSA Network Management","true",,"9a41f7a9-e603-4804-99ab-ca9ffa071594"
"51","NCSASTMNG","USDF Storage Mgmt","ITNCSA",,"LDF",,"Wil O'Mullane",,"3 NCSA Storage Management","Problem/Logical::DM Subsystem Structure::2 Components::1 Service Products::5 IT Services::7 IT NCSA::3 NCSA Storage Management","true",,"f3ca1bc3-5066-44e0-9487-11e6324ad303"
"52","NCSAIDNMNG","USDF Identity Mngt","ITNCSA",,"LDF",,,,"4 NCSA Identity Management","Problem/Logical::DM Subsystem Structure::2 Components::1 Service Products::5 IT Services::7 IT NCSA::4 NCSA Identity Management","<undefined>",,"53f1d565-4397-4255-acaa-1223e0d86b74"
"53","DMSW","Software Products","DM",,,"Wil O'Mullane",,,"2 Software Products","Problem/Logical::DM Subsystem Structure::2 Components::2 Software Products","true",,"b97850c4-8886-4db9-9db7-db2b53019766"
"54","PRSW","Prompt SW Prod.","DMSW",,,,,,"1 Prompt Software Products","Problem/Logical::DM Subsystem Structure::2 Components::2 Software Products::1 Prompt Software Products","true",,"242cc2e1-c339-4b2b-b032-3f4da9339a91"
"55","ALRTDSTR","Alert Distrib SW","PRSW","1.02C.03.03","AP","Yusra AlSayyad","Eric Bellm","lsst-dm/alert_stream","Alert Distribution SW","Problem/Logical::DM Subsystem Structure::2 Components::2 Software Products::1 Prompt Software Products::Alert Distribution SW","true",,"6fd0094c-9e80-4635-9f30-04e4e610ce0e"
"56","EFDT","EFD Transform","PRSW",,"SQuaRE","Frossie Economou","Simon Krughoff",,"EFD Transformation SW","Problem/Logical::DM Subsystem Structure::2 Components::2 Software Products::1 Prompt Software Products::EFD Transformation SW","true",,"2c9e3570-816e-4254-aab4-f084fa94b213"
"57","HEADER","Header Srv SW","PRSW","1.02C.07.08","LDF","Steve Pietrowicz","Tim Jenness","lsst-dm/HeaderService","Header Service SW","Problem/Logical::DM Subsystem Structure::2 Components::2 Software Products::1 Prompt Software Products::Header Service SW","true",,"396f8aa4-2743-4026-a2a2-9d4863a76682"
"58","IIP","Image Ingest SW","PRSW","1.02C.07.08","LDF","Steve Pietrowicz","Kian-Tat Lim","ctrl_iip","Image Ingest and Processing","Problem/Logical::DM Subsystem Structure::2 Components::2 Software Products::1 Prompt Software Products::Image Ingest and Processing","true",,"a2d4d9a4-4368-4c12-af5d-590acabf1a5f"
"59","OODS","Obs Ops Data SW","PRSW","1.02C.07.08","LDF","Steve Pietrowicz","Kian-Tat Lim","lsst-dm/ctrl_oods","Observatory Operations Data Service SW","Problem/Logical::DM Subsystem Structure::2 Components::2 Software Products::1 Prompt Software Products::Observatory Operations Data Service SW","true",,"8a0da616-51f5-4730-a9c4-923f306d13bb"
"60","OCPS","OCS Pipeline SW","PRSW","1.02C.02.02","ARCH","Kian-Tat Lim","Tim Jenness",,"OCPS SW","Problem/Logical::DM Subsystem Structure::2 Components::2 Software Products::1 Prompt Software Products::OCPS SW","true","TN:DMTN-133:OCS driven data processing","7823fcaf-ab9e-452a-8f6e-0b367b5e200c"
"61","OBSPUB","Plan Obs Pub SW","PRSW","1.02C.07.08","LDF","Steve Pietrowicz","Kian-Tat Lim",,"Planned Observation Publication SW","Problem/Logical::DM Subsystem Structure::2 Components::2 Software Products::1 Prompt Software Products::Planned Observation Publication SW","true",,"0ad10058-fc30-4419-a155-dbf089913b35"
"62","BPSWP","Batch Prod. SW P.","DMSW",,,"Steve Pietrowicz",,,"2 Batch Production Software Products","Problem/Logical::DM Subsystem Structure::2 Components::2 Software Products::2 Batch Production Software Products","true",,"a46c3e50-1e2b-43b6-a531-2eb95a36ebce"
"63","CMPGN","Campaign Mgmt","BPSWP","1.02C.07.08","LDF",,"Michelle Gower",,"Campaign Management","Problem/Logical::DM Subsystem Structure::2 Components::2 Software Products::2 Batch Production Software Products::Campaign Management","true",,"4b8bce30-5966-44e4-b027-d56b381d799a"
"64","WLWF","Workload/flow","BPSWP","1.02C.07.08","LDF",,"Michelle Gower",,"Workload/Workflow Management","Problem/Logical::DM Subsystem Structure::2 Components::2 Software Products::2 Batch Production Software Products::Workload/Workflow Management","true",,"fdbb9d55-02f3-452e-8996-4bd44f9f5ba0"
"65","QCSWP","QC SW  Products","DMSW",,,"Frossie Economou","Simon Krughoff",,"3 Quality Control Software Products","Problem/Logical::DM Subsystem Structure::2 Components::2 Software Products::3 Quality Control Software Products","true",,"c9dd771a-c8b1-4133-a863-d54446d193f5"
"66","QCSW","Quality Ctrl SW","QCSWP","1.02C.10.02.01","SQuaRE","Frossie Economou","Simon Krughoff","lsst-sqre/squash","3 Quality Control SW","Problem/Logical::DM Subsystem Structure::2 Components::2 Software Products::3 Quality Control Software Products::3 Quality Control SW","true",,"bc99c40d-ce4a-413d-b879-1fea115db816"
"67","BBSWP","Backbone SW P.","DMSW",,,"Steve Pietrowicz",,,"4 Backbone Software Products","Problem/Logical::DM Subsystem Structure::2 Components::2 Software Products::4 Backbone Software Products","true",,"32c971df-4ef1-4faa-a92f-f596e7c4f28a"
"68","DBBMD","DBB Meta SW","BBSWP","1.02C.07.08","LDF",,"Michelle Gower","lsst-dm/dbb_gateway,lsst-dm/dbb_gwclient","DBB Ingest/Metadata Management SW","Problem/Logical::DM Subsystem Structure::2 Components::2 Software Products::4 Backbone Software Products::DBB Ingest/Metadata Management SW","true",,"80e6fa1c-8fff-40ab-9543-665773a89ba5"
"69","DBBLIFE","DBB Lifetime SW","BBSWP","1.02C.07.08","LDF",,"Michelle Gower",,"DBB Lifetime Management SW","Problem/Logical::DM Subsystem Structure::2 Components::2 Software Products::4 Backbone Software Products::DBB Lifetime Management SW","true",,"adad6ad7-188d-4ae2-a527-0577d78f3927"
"70","DBBTR","DBB Transport SW","BBSWP","1.02C.07.08","LDF",,"Michelle Gower",,"DBB Transport/Replication/Backup SW","Problem/Logical::DM Subsystem Structure::2 Components::2 Software Products::4 Backbone Software Products::DBB Transport/Replication/Backup SW","true",,"17683713-5952-4c97-bcc8-64c6ba7c7e1d"
"71","LSPSWP","RSP SW Products","DMSW",,,"Frossie Economou","Gregory Dubois-Felsmann",,"5 LSP Software Products","Problem/Logical::DM Subsystem Structure::2 Components::2 Software Products::5 LSP Software Products","true","VD:LSE-319:LSST Science Platform Vision Document,RS:LDM-554:Data Management LSST Science Platform Requirements,DD:LDM-542:Science Platform Design,TS:LDM-540:LSST Science Platform Test Specification","31e82ff3-7c35-4ae7-a5ea-1f8901917715"
"72","PRTLSW","RSP Portal SW","LSPSWP","1.02C.05.07,1.02C.05.08","SUIT","Gregory Dubois-Felsmann","Gregory Dubois-Felsmann","suit","1 LSP Portal Software","Problem/Logical::DM Subsystem Structure::2 Components::2 Software Products::5 LSP Software Products::1 LSP Portal Software","true","DM:DMTN-136:LSST Science Platform Portal Aspect Design and Maintenance Manual","3e406de3-f607-4a09-999f-7a482d03d752"
"73","NBSW","RSP Notebook SW","LSPSWP","1.02C.10.02.02","SQuaRE","Frossie Economou","Simon Krughoff","lsst-sqre/jupyterlabutils,lsst-sqre/jupyterhubutils","2 LSP Notebook Software","Problem/Logical::DM Subsystem Structure::2 Components::2 Software Products::5 LSP Software Products::2 LSP Notebook Software","true",,"234faaa6-91af-409a-aae9-51a0fa370086"
"74","LSPWEB","RSP Web SW","LSPSWP","1.02C.06.02","DAX",,,"dax_webserv","3 LSP Web API SW (obsolete product)","Problem/Logical::DM Subsystem Structure::2 Components::2 Software Products::5 LSP Software Products::3 LSP Web API SW (obsolete product)","true",,"8762b0db-cec5-4105-9ce7-9a595910fa80"
"75","PRTLOH","Portal Online Help","LSPSWP","1.02C.05.08","SUIT","Gregory Dubois-Felsmann","Gregory Dubois-Felsmann","suit-onlinehelp","4 LSP Portal Online Help","Problem/Logical::DM Subsystem Structure::2 Components::2 Software Products::5 LSP Software Products::4 LSP Portal Online Help","<undefined>",,"a966d76b-a4ed-43eb-b1e5-5b2afdf8bb58"
"76","DAXIMG","Image Server SW","LSPSWP","1.02C.06.02.04","DAX","Frossie Economou","Colin Slater","dax_imgserv","5 Image/Cutout Server","Problem/Logical::DM Subsystem Structure::2 Components::2 Software Products::5 LSP Software Products::5 Image/Cutout Server","true",,"674ef89b-a335-44e9-9a11-5619657f6ff4"
"77","TAPSW","TAP Software","LSPSWP",,,"Frossie Economou","Simon Krughoff",,"6 TAP Software","Problem/Logical::DM Subsystem Structure::2 Components::2 Software Products::5 LSP Software Products::6 TAP Software","<undefined>",,"a11172ec-2197-4805-bfef-43dad8b3b137"
"78","SCIPSWP","Sci Pipelines SW P.","DMSW",,,"Yusra AlSayyad","Leanne Guy",,"6 Science Pipeline Software Products","Problem/Logical::DM Subsystem Structure::2 Components::2 Software Products::6 Science Pipeline Software Products","true","DD:LDM-151:Data Management Science Pipelines Design","f81d7a57-4be5-4781-9baf-d22946e83614"
"79","APPRMPT","Alert Prod SW","SCIPSWP","1.02C.03","AP","Yusra AlSayyad","Eric Bellm","ap_pipe","1 Alert Production","Problem/Logical::DM Subsystem Structure::2 Components::2 Software Products::6 Science Pipeline Software Products::1 Alert Production","true",,"425ff29d-0a1d-4230-9c74-8d1ebc8976a2"
"80","DMCAL","Calibration SW","SCIPSWP","1.02C.04.02","DRP","Yusra AlSayyad","Robert Lupton","cp_pipe","2 Calibration Software","Problem/Logical::DM Subsystem Structure::2 Components::2 Software Products::6 Science Pipeline Software Products::2 Calibration Software","true",,"cbc9fe84-67a0-40b1-b0eb-c7a996d19710"
"81","DRP","DR Prod SW","SCIPSWP","1.02C.04","DRP","Yusra AlSayyad","Jim Bosch",,"3 Data Release Production","Problem/Logical::DM Subsystem Structure::2 Components::2 Software Products::6 Science Pipeline Software Products::3 Data Release Production","true",,"f185bf5d-4ce2-4bb2-92cd-fd9bd97df3c4"
"82","SSP","SSP SW","SCIPSWP","1.02C.03.06","AP","Yusra AlSayyad","Eric Bellm","mops_daymops","4 Solar System processing and Forced Photometry","Problem/Logical::DM Subsystem Structure::2 Components::2 Software Products::6 Science Pipeline Software Products::4 Solar System processing and Forced Photometry","true",,"3180e1f4-4a17-4f59-a3ab-3d814ca57f2f"
"83","SP","Spec Prog SW","SCIPSWP","1.02C.03,1.02C.04","AP,DRP","Yusra AlSayyad","Leanne Guy",,"5 Special Programs Productions","Problem/Logical::DM Subsystem Structure::2 Components::2 Software Products::6 Science Pipeline Software Products::5 Special Programs Productions","true",,"5d1cd9f2-18b4-4e78-85c9-01f48cbe2c1a"
"84","TMPLGEN","Tmpl Gen SW","SCIPSWP","1.02C.04.04","DRP","Yusra AlSayyad","Jim Bosch",,"6 Template Generation","Problem/Logical::DM Subsystem Structure::2 Components::2 Software Products::6 Science Pipeline Software Products::6 Template Generation","true",,"f03cf2ee-528e-4d81-a419-713b1b971f9e"
"85","SPLUG","Science Plugins","SCIPSWP","1.02C.04.02","DRP","Yusra AlSayyad","Leanne Guy",,"7 Science Plugins","Problem/Logical::DM Subsystem Structure::2 Components::2 Software Products::6 Science Pipeline Software Products::7 Science Plugins","true",,"6cd59a08-2fe6-4953-b342-a1c271dba83d"
"86","SPLWF","SPL Workflow","SCIPSWP",,,,,,"8 SPL Workflow","Problem/Logical::DM Subsystem Structure::2 Components::2 Software Products::6 Science Pipeline Software Products::8 SPL Workflow","<undefined>",,"f3a8965b-4b4b-4c4a-ae57-0c651e4e827f"
"87","SPDIST","Science P. Dist.","SCIPSWP","1.02C.04.02",,"Yusra AlSayyad","Leanne Guy","lsst_distrib","9 Science Pipelines Distribution","Problem/Logical::DM Subsystem Structure::2 Components::2 Software Products::6 Science Pipeline Software Products::9 Science Pipelines Distribution","true",,"28a2a096-a4d9-465e-8912-401b74b78ec2"
"88","SPSWP","Supporting SW P.","DMSW",,,"Yusra AlSayyad",,,"7 Supporting Software Products","Problem/Logical::DM Subsystem Structure::2 Components::2 Software Products::7 Supporting Software Products","true",,"ca37b0f1-3bd2-4d66-8ccc-70e8cec85536"
"89","SCIPIPE","Sci Pipelines Libs","SPSWP","1.02C.03,1.02C.04","AP,DRP","Yusra AlSayyad","Jim Bosch","lsst_apps","1 Science Pipelines Libraries","Problem/Logical::DM Subsystem Structure::2 Components::2 Software Products::7 Supporting Software Products::1 Science Pipelines Libraries","true",,"49ab3099-204e-4d13-8681-c87dbf36a630"
"90","BUTLER","Data Butler","SPSWP","1.02C.06.02.01","DAX","Tim Jenness","Jim Bosch","daf_butler","2 Data Butler","Problem/Logical::DM Subsystem Structure::2 Components::2 Software Products::7 Supporting Software Products::2 Data Butler","true","DS:LDM-152:Data Management Middleware Design","de29abf7-54f8-4825-a21e-15ce3eaff83d"
"91","TXF","Task Framework","SPSWP","1.02C.06.03","DAX","Tim Jenness","Tim Jenness","pipe_supertask","3 Task Framework","Problem/Logical::DM Subsystem Structure::2 Components::2 Software Products::7 Supporting Software Products::3 Task Framework","true",,"0f2e217d-2046-4ee9-b62a-258d392c80db"
"92","QSERV","Distrib Database","SPSWP","1.02C.06.02.03","DAX","Fritz Mueller","Colin Slater","qserv","4 Distributed Database","Problem/Logical::DM Subsystem Structure::2 Components::2 Software Products::7 Supporting Software Products::4 Distributed Database","true","TN:DMTN-022:Tracks to optimize Qserv containers deployment and orchestration,DD:LDM-135:Data Management Database Design","47bd5e19-2f64-4b30-885f-d84b3065a3b3"
"93","ADQL","ADQL Translator","SPSWP","1.02C.06.02.05","DAX","Frossie Economou","Simon Krughoff","albuquery","5 ADQL Translator","Problem/Logical::DM Subsystem Structure::2 Components::2 Software Products::7 Supporting Software Products::5 ADQL Translator","true",,"11bd55c5-a118-497e-9d1a-bf76d57ebaaa"
"94","ENVS","Environments","DMSW",,,"Kian-Tat Lim",,,"8 Environments","Problem/Logical::DM Subsystem Structure::2 Components::2 Software Products::8 Environments","<undefined>",,"f49c4ecc-4d7a-4d61-95aa-65ee13b10577"
"95","SPLCE","SPL Conda Env","ENVS",,,,"Tim Jenness","scipipe_conda_env","SciencePipelines Conda Env.","Problem/Logical::DM Subsystem Structure::2 Components::2 Software Products::8 Environments::SciencePipelines Conda Env.","<undefined>",,"0b54e784-8a78-4212-aed7-d7f7d7888666"
"96","INFRA","Infrastructure","DM",,,"Wil O'Mullane",,,"3 Infrastructure Products","Problem/Logical::DM Subsystem Structure::2 Components::3 Infrastructure Products","true","DD:LDM-129:LSST Data Facility Logical Information Technology and Communications Design","839172f7-daa6-40a3-a3cc-e92d2b02fa6a"
"97","NET","Networks","INFRA",,,,,,"1 Networks","Problem/Logical::DM Subsystem Structure::2 Components::3 Infrastructure Products::1 Networks","true","DD:LSE-78:LSST Observatory Network Design","61333851-5b32-4876-b7bc-3a35deadf027"
"98","NETSB","Sum/Base Net","NET","1.02C.08.03","Net/Base","Cristian Silva","Cristian Silva",,"1 Summit to Base Network","Problem/Logical::DM Subsystem Structure::2 Components::3 Infrastructure Products::1 Networks::1 Summit to Base Network","true",,"45d75ce0-d67f-4be7-bb8c-104f337c94d4"
"99","NETBA","Base/Arch Net","NET","1.02C.08.03","Net/Base","Cristian Silva","Cristian Silva",,"2 Base to Archive Network","Problem/Logical::DM Subsystem Structure::2 Components::3 Infrastructure Products::1 Networks::2 Base to Archive Network","true",,"ca2ed52d-970d-4ae1-974c-eb6b415946e7"
"100","NETBASE","Base LAN","NET","1.02C.07.08","LDF","Cristian Silva","Wil O'Mullane",,"3 Base LAN Network","Problem/Logical::DM Subsystem Structure::2 Components::3 Infrastructure Products::1 Networks::3 Base LAN Network","true",,"6e5df646-b9cd-40aa-b8a7-ab3c02a8102c"
"101","NETUSDF","USDF LAN","NET","1.02C.07.09","LDF","Richard Dubois","Wil O'Mullane",,"4 USDF LAN Network","Problem/Logical::DM Subsystem Structure::2 Components::3 Infrastructure Products::1 Networks::4 USDF LAN Network","true",,"ccca47cc-c2b1-4216-9879-42834e0062f8"
"102","FAC","Facilities","INFRA",,,,,,"2 Facilities","Problem/Logical::DM Subsystem Structure::2 Components::3 Infrastructure Products::2 Facilities","true",,"5ab0d063-2b49-4025-975f-73e3eda9f9e6"
"103","FACBASE","Base Facility","FAC","1.02C.08.01,1.02C.08.02","Net/Base","Cristian Silva","Wil O'Mullane",,"1 Base Facility","Problem/Logical::DM Subsystem Structure::2 Components::3 Infrastructure Products::2 Facilities::1 Base Facility","true",,"91f49774-80f9-45c9-8423-6a7e81f04eca"
"104","DF","Data Facilities","FAC",,,,,,"2 Data Facilities","Problem/Logical::DM Subsystem Structure::2 Components::3 Infrastructure Products::2 Facilities::2 Data Facilities","<undefined>",,"671e30f3-738f-4f63-b660-d5aa10892ce1"
"105","FACFR","France Data Facility","DF",,,,,,"French Data Facility","Problem/Logical::DM Subsystem Structure::2 Components::3 Infrastructure Products::2 Facilities::2 Data Facilities::French Data Facility","<undefined>",,"1baea3e2-6550-477c-8288-7718216d57b9"
"106","FACIDF","Interim Data Facility","DF","1.02C.07.09","LDF","Frossie Economou","Wil O'Mullane",,"Interim Data Facility","Problem/Logical::DM Subsystem Structure::2 Components::3 Infrastructure Products::2 Facilities::2 Data Facilities::Interim Data Facility","true",,"96ff8bad-c94f-446e-9903-e8efc3565f6b"
"107","FACUS","US Data Facility","DF","1.02C.07.09","LDF","Richard Dubois","Wil O'Mullane",,"US Data Facility","Problem/Logical::DM Subsystem Structure::2 Components::3 Infrastructure Products::2 Facilities::2 Data Facilities::US Data Facility","true",,"c8f1bc31-3571-4d7a-a498-eb7c1d8331e7"
"108","NFACUS","US Data Facility","FAC","1.02C.07.09","LDF","Richard Dubois","Wil O'Mullane",,"2 NCSA Facility","Problem/Logical::DM Subsystem Structure::2 Components::3 Infrastructure Products::2 Facilities::2 NCSA Facility","true",,"8c07b218-47a5-4151-a04c-16381b88690c"
"109","ENC","Enclaves","INFRA",,,,,,"3 Enclaves","Problem/Logical::DM Subsystem Structure::2 Components::3 Infrastructure Products::3 Enclaves","true",,"ba659e31-2ffa-46d3-ae27-bb264613fb79"
"110","ENCPRB","Prmpt Base Encl","ENC","1.02C.08.01","LDF","Cristian Silva","Wil O'Mullane",,"1 Prompt Base Enclave","Problem/Logical::DM Subsystem Structure::2 Components::3 Infrastructure Products::3 Enclaves::1 Prompt Base Enclave","true",,"bbced563-28d8-44f2-a900-c1841244479b"
"111","ENCARCB","Arch Base Encl","ENC","1.02C.08.01","LDF","Cristian Silva","Wil O'Mullane",,"2 Archive Base Enclave","Problem/Logical::DM Subsystem Structure::2 Components::3 Infrastructure Products::3 Enclaves::2 Archive Base Enclave","true",,"dbe6f002-aa83-4f80-a50d-b7c1ae20f505"
"112","ENCDACC","DAC Chile Encl","ENC","1.02C.08.02","LDF","Cristian Silva","Wil O'Mullane",,"3 DAC Chile Enclave","Problem/Logical::DM Subsystem Structure::2 Components::3 Infrastructure Products::3 Enclaves::3 DAC Chile Enclave","true",,"66132910-8b4a-4054-a146-ed934b28529e"
"113","ENCCOMM","Comm Clust Encl","ENC","1.02C.08.01","LDF","Frossie Economou","Simon Krughoff",,"4 Commissioning Cluster Enclave","Problem/Logical::DM Subsystem Structure::2 Components::3 Infrastructure Products::3 Enclaves::4 Commissioning Cluster Enclave","true",,"a3e3615e-005e-4b92-9bb1-d0543c74a1ea"
"114","ENCPRUS","Prompt US Encl","ENC","1.02C.07.09","LDF","Richard Dubois","Wil O'Mullane",,"5 Prompt US Enclave","Problem/Logical::DM Subsystem Structure::2 Components::3 Infrastructure Products::3 Enclaves::5 Prompt US Enclave","true",,"5ce43204-9f90-48b0-96b8-64fe0f6103c0"
"115","ENCARCUS","Arch US Encl","ENC","1.02C.07.09","LDF","Richard Dubois","Wil O'Mullane",,"6 Archive US Enclave","Problem/Logical::DM Subsystem Structure::2 Components::3 Infrastructure Products::3 Enclaves::6 Archive US Enclave","true",,"65ebd76f-d2b2-47a6-89bb-b9b444bae39f"
"116","ENCOFFL","Offline Prod Encl","ENC","1.02C.07.09","LDF","Richard Dubois","Wil O'Mullane",,"7 Offline Production Enclave","Problem/Logical::DM Subsystem Structure::2 Components::3 Infrastructure Products::3 Enclaves::7 Offline Production Enclave","true",,"37571135-e537-4895-8821-900a665878b2"
"117","ENCDACU","DAC US Encl","ENC","1.02C.07.09","LDF","Richard Dubois","Wil O'Mullane",,"8 DAC US Enclave","Problem/Logical::DM Subsystem Structure::2 Components::3 Infrastructure Products::3 Enclaves::8 DAC US Enclave","true",,"9ccfe8ac-ad6a-4a59-81c0-7cc33555e9b6"
